epoch,step,val_acc,val_loss
0,214,0.8730000257492065,0.4481751322746277
1,429,0.900600016117096,0.3258727788925171
